{"ts_means": [83.57384356164341, 86.06153047317336, 79.58225958470018, 61.884372707095515, 122.31236715508537, 98.46617042752142, 20.653611729110708, 0.1031055900621118, 143.8251658374748, 7.287546506648688, 37.01893846641583, 0.5099044615875195, 3.279939602447544, 5.283501175919837, 11.54877242004654, 2.6566784194562723], "ts_stds": [25.846486638176575, 18.83887156343376, 112.83446690724811, 242.16116978071284, 150.088200226848, 2116.368071183775, 1430.3550160493396, 0.30411562989009994, 1291.9299476236638, 1.6860312453617614, 6.309982788143166, 0.22761924897956318, 1.0692543993609194, 1.4031998058924515, 3.7852917513765663, 2.360469672719281], "demo_means": [36.947552040223385], "demo_stds": [71.0500414297018], "class_balance": {"1": 0.9291290057518488, "0": 0.07087099424815119}}