{"ts_means": [84.5796180234137, 97.1940462258404, 36.980279734446334, 123.7778730959125, 82.41949729542462, 63.79230785114544, 18.728527685485552, 33.019062038978184, -0.6573606921988348, 24.15310708088419, 0.5227169433100094, 7.378995226311046, 41.05280240291532, 92.65695702511454, 248.66819639152575, 23.81688344245856, 102.7525034858664, 7.5507408388643125, 105.78500591901008, 1.5082599460384192, 1.7674511807054123, 136.81725711209018, 2.600557814921241, 2.05077677973572, 3.540561447754456, 4.134651644738151, 2.0142886496343264, 8.260482764316576, 30.75488930280289, 10.417471200386995, 41.1771612982611, 11.439032914708752, 291.5375134963671, 195.95078534941175], "ts_stds": [17.304305995435612, 2.9481195392044994, 0.7709220577236485, 23.250277913759177, 16.347663168975544, 13.993713682033148, 5.099653852193127, 7.853004445299761, 4.264514133607983, 4.33799319965236, 0.26003934237188897, 0.07424208758280573, 9.276472317226984, 10.931619859808137, 828.0390347622892, 19.782167047808798, 127.89393580274916, 2.425773816463755, 5.834716838235291, 1.8147955975743266, 3.7115537686082587, 50.986623401908396, 2.423326073692985, 0.39544494247415807, 1.4096586073687603, 0.6422489161459144, 3.986742347016883, 24.92848312793999, 5.475432630059475, 1.9700399916949682, 26.404833004742187, 8.328000383906682, 157.04781312229838, 102.81274691981419], "demo_means": [61.644090040006965, 0.0, 0.0, -52.2589722333283], "demo_stds": [16.50625116370197, 1.0, 1.0, 143.79111313902186], "class_balance": {"0": 0.9272875184008678, "1": 0.07271248159913225}}