{"ts_means": [83.1139075323458, 119.04704433497537, 360.4902205255398, 501.65693955868244, 2.883207308397251, 27.030210561644576, 2.8741526786671017, 157.50610687022902, 1.464488773872278, 59.28292830997233, 0.5449991556561273, 11.374240013399213, 141.2083995234313, 23.15799831527966, 30.6850884045386, 87.3090781177306, 4.126610648832365, 2.9898281405945735, 79.78272708844503, 1.0, 2.021884456276325, 58.24846727641741, 77.20176291225974, 119.37064636825309, 139.13197018918402, 40.49650492487858, 150.2930121489512, 190.3560405280428, 19.619384120958117, 96.69239369151666, 118.97120911369268, 37.02722023123065, 8.303693598378374, 1.1744032618663316, 118.97096932599662, 13.092271390115556, 7.427370398904573], "ts_stds": [24.811564710325115, 183.8006563456243, 1121.8471053007245, 1554.3323814941173, 0.6503796467465613, 22.209825509178316, 5.723903739110252, 45.449159612011556, 1.518517684825318, 13.419842881025492, 0.1912661655525778, 4.007352363890579, 65.2389046948964, 4.707294688051772, 4.975852934837486, 18.548115164125797, 0.6814044629527259, 2.5778418170119597, 17.119967145205514, 1e-07, 0.5535259429038257, 15.72891705617047, 15.841149790073842, 23.67879261255904, 5.260285993629847, 9.260235237051164, 88.48628907682887, 107.86935624924965, 5.564091867804409, 3.510358017122251, 25.11849606559266, 1.3719575508281028, 10.760692065286811, 2.807334664086938, 166.1783648792815, 40.5729780384765, 5.020376036281564], "demo_means": [64.56055273106504, 0.0, 0.0, 87.7828576979092, 0.0, 0.0, 0.0, 0.0], "demo_stds": [17.177262886388856, 1.0, 1.0, 86.41255327615053, 1.0, 1.0, 1.0, 1.0], "class_balance": {"0": 0.8575153174292791, "1": 0.1424846825707209}}