{"ts_means": [83.13236531221722, 86.92432112298876, 78.40706903027748, 61.14075784860837, 119.66843394662278, 98.04498808220778, 21.99221361406236, 0.11946729338033686, 143.693934733129, 7.272396453667243, 37.00872220242267, 0.5456741841786908, 3.1783759268917664, 5.289153827230235, 11.607567149758454, 2.7878832017114634], "ts_stds": [26.20635124638241, 20.00155902661913, 100.95819011764236, 236.20766030122323, 30.614905441757955, 1077.677755392709, 2597.155511520339, 0.3244011093520233, 71.89718250768665, 0.9740673777039509, 10.557983608136452, 0.2045929138343143, 1.1230846417907618, 1.4063348842197183, 3.917145895607811, 2.3489809829819914], "demo_means": [31.208770972582187], "demo_stds": [66.77769859317803], "class_balance": {"0": 0.8648206247442368, "1": 0.1351793752557632}}